id,获赞数,评论数,分享数,上架时间,title,字幕
111,6482,360,666,2020-04-17 15:15:06,"《一间自己的房间》,房子,是诗和远方的底气","现在中国女性,购房者比倒高达46%,几乎和男性持千,可能是越长大越发现,人心易变吧,口袋里的钱包和钥匙,往往比伴侣那句,我会永远爱你,来得更加踏实,这本伍尔夫的,就提到了,明独立的女性,从拥有一间,属于自己的房间开始,这一观点,这个房间不是谙于社会的世故,而是冷酷现实里,成年人的安全威,不用在街头游荡,而是回到自己的房子里,痛快地哭一场,当你晚起或晚归,不用担心抢厕所或没热水,而是悠然地按看自己的节奏,当你遇到喜欢的人,如果他富甲一方,你不用觉得自己高攀,如果他一无所有,你也可以说,房子我有,你给我爱情就好,所以女孩儿们,先谍生再谍爱,关注我,陪你读人生"
110,19000,918,2720,2020-04-14 18:21:31,"《我是余欢水》,成年人的世界没有容易二字","有人说,个合格的成年人,从来不是为自己活看,最近看了《我是余欢水》,里面的剧情,就像我们生活的缩影,兄弟借钱不还,领导喝五吆六,同事不怀好意,成年人的世界没有容易二字,有句话是这样说的,不要大声责骂年轻人,他们会立刻辞职,但你可以往S里骂中年人,尤其是有车有房有娃的,人到中年,最好的年纪,却承受着最大的压力,都说成年人的崩溃,不是在每个大哭的夜晚,而是在每个忍住不哭的清晨,新的一天睁开双~,身边都是依靠自己的人,却没有一个人能够让自己依靠,余欢水”是你是我,也是每个小心翼翼活看的成年人,人生这场闯关游戏,我们可能永远都不知道,什么时候才能迎来通关,但这一路的心酸血泪,却为身边的人撑起了一片天,如果生活没有明天,如果岁月可以回头,希望你我都不是余欢水,关注我,陪你读人生"
109,14000,1372,2326,2020-04-13 18:22:22,"《新头王后》,别让毒鸡汤害了你","有人说,最动听的情话是,你负责貌美如花,我负责赚钱养家,我却觉得,这是最毒的情话,这句话本质上是一个合同,哪天女方不再貌美如花了,就属于单方面违约,那男人也就有权解除合同,转而和另一个貌美如花的女性,建立合作关糸,有多少天真的女孩以为,我养你”会给自己带来安全,但当容颜迟暮,之前那句浓情蜜意的“我养你”,终会变成满腔指责的“是我养你的”,你会发现,生活中的大部分风雨,都是那个你视若一切的男人带来的,正如《新头王后》中写道的,她不知道所有命运赠送的礼物,早已在暗中标好了价格,女孩们,如果说想拥有一个心安的归宿,就要有不依附于任何人的底气,毕竟,你以何种方式得到的,都将会以何种方式失去,关注我,陪你读人生"
108,11000,457,951,2020-04-10 18:07:42,"《沉默的巡游》,世界上没有真正的感同身受,b","越长大越明白,这个世界上没有真正的威同身受,的确,生活中不如意的事十之八九,但可以与人诉说的不足二三,东野圭吾的最新代表作,《沉默的巡游》,就讲了一个无法诉说的“委屈,为了保护丈夫的梦想,妻子不敢说出学生被害的真相,甚至为了这个秘密,被LS、被QH,在无奈的沉默中,个人面对不堪的现实,在内疚和自责中日复一日的煎熬,那些沉默中忍受的悲痛,别人能听到的,可能不足事实的10%,看到的最多30%,认真了解后,能接触到的也就可能60%,反复思考后可能也无法理解100%,千个人眼里,有一千个哈姆雷特,都难以组合成一个真实的旬己,世人皆有千百张面具,但还是希望,有人能认识面具之下的你,关注我,陪你读人生"
107,5317,144,334,2020-04-09 18:44:04,"越来越喜欢那种,有回应的爱情","你知道吗,只有当对方在收到消息,十秒之内进行回复,对话框上才显示“对方正在输入,当超过十秒时,为了避免不必要的等待,糸统不会再显示回复状态,感情啊,讲究的就是一个及时,在最喜欢的时候,得到最想要的回应,不要让彼此等太久,当我给你分享搞笑视频的肘候,我希望你能陪我一起大笑,而不是发一个哭笑不得的表情,当我看到好玩的梗跟你互动肘,我希望你能陪我一起入戏,而不是觉得无聊,或许这些都只是一些琐碎的小事,但因为你的回应,切变成有趣的回忆,这一切,在你的眼里永远都有意义,关注我,陪你读人生"
106,23000,1035,2831,2020-04-05 18:56:34,"《在路上》,你的人生通往何方","如果可以在出生时,选择你人生的路,你会选择哪一条路,圣人的路,疯子的路,彩虹的路,还是随便什么路,《在路上》这本书中的主角,就选择了一条一直在路上的路,他说,因为我喜欢的事情太多了,最后只有失败,就像流星一样不俘地奔波,直到月,除了失败,我什么也不能给予别人,但这样的失败并不荒诞,因为他身边有志同道合的朋友,回头有一路的故事,低头有坚定的脚步,抬头有清晰的远方,生活最悲哀的不是我和你,进行一场没有结果的大冒险,而是我固执地,抱看曾经的真心话不肯放手,条条大路通罗马,无论选择哪一条路,我们总会在路上,关注我,陪你读人生"
105,8880,524,640,2020-03-31 18:28:47,"《爱的艺术》,爱情是一场不计后果的大冒险","爱情中最痛苦的可能就是,明知道爱错了人,还舍不得放手,等到爱被伤害消耗殆尽,又舍不得自已过去的付出,还是不肯放手,《爱的艺术》中有这样一句话,再也找不出像爱情那样,以如此巨大的希望开始,又以如此高比例的失败而告终,在爱上一个人之前,总在告诫自己,即使未来分开了,也要过得很好,却忘记了爱情里,从来不存在及时止损,当遇见了那个人,就算会落得伤痕累累,还是会义无反顾的付出所有,爱情最迷人的地方,或许就在于宅的不确定性,虽然我不知道下一刻,是跌落低谷还是坠入深海,但当我看向你的时候,我对你无法抵抗,可能真正的爱就是一场,不计后果的大冒险,我做不到及肘止损,但心廿自负盈亏"
104,75000,4279,14000,2020-03-29 19:23:05,"《爱的艺术》,男生为什么总是难忘掉初恋","为什么男生总是忘不了初恋,我想,或许不是男生忘不掉那个人,而是忘不了,曾经因为自己的不成熟,辜负过的那一段感情吧,但是你知道吗,个男生一生会有两次初恋,第一次是,他初次喜欢上一个人的时候,他很莽撞,想把全世界都给她,但是他错把需要当成了爱,第二次是,他想和一个人结婚的时候,这个时候他已经栽过了跟头,受过了伤,知道了爱一个人,是把你变成我的需要,《爱的艺术》里写道,幼稚的爱是,我需要你,所以我爱你,成熟的爱是,我爱你,所以我需要你,可爱情里最遗憾的就是,那个教会他爱的人,往往得不到他的成熟和温柔,人生的出场顺序很重要,如果可以,我想晚一步遇到你,关注我,陪你读人生"
103,52000,2242,6186,2020-03-28 19:35:27,无,无
102,15000,682,1554,2020-03-20 19:39:54,"《安家》,手良免费,但不廉价","看完《安家》,印象最深刻的就是,叹血鬼亲戚”霸占老洋房,1.5个亿的老洋房,张口就要分5千万,全然不顾被无偿收留,几十年的恩情啊,其实我们身边有很多这样的人,因为是亲戚,发达了就应该帮自己一把,没钱了就该借钱,失业了就该帮忙找工作,但贪婪往往是欲壑难平,好事做多了,反而会被当成理所应当,都说吃亏是福,但面对看不到我们吃亏的人,付出和退让换回的,不一定是威激,很可能是对方的得寸进尺,每个人的善良和爱都是免费的,但从来都不是廉价的,让我们的善良保留一点锋芒,别让它从保护好人的铠甲,变成了敌人手里的利刃,我是晓鹿,关注我,陪你读人生"
101,116000,6421,20000,2020-03-02 18:18:26,"《深海里的星星》,胡闹,是一种依赖","你在恋爱时有没有这些时刻,当TA回你洧息慢了,约会迟到了,或点菜时没过问你,你便心里想,TA是不是不爱我了,当委屈积攒的越来越多肘,你就会忍不住,闹个小脾气,心理学中说,人们大多数只对,有安全度的人发脾气,因为在那个安全度之内,你潜意识知道,对方不会离开你,胡闹呢,不过是一种依赖罢了,就像《深海里的星星》说的那样,就算世界荒芜,总有一个人,他会是你的信徒,相信有一天,你也会等到一个,让你安心的人,是那种把秋裤,扎在袜子里的安心,0K,我是 Caroline,陪你读人生"
100,359000,20000,40000,2020-02-28 18:27:17,"《亲密关糸》,分手给你带来了什么伤害","分手对一个人,最大的伤害是什么,可能不是已经,付出的真心和时间,而是在遇见下一个喜欢的人,发现自己不再拥有爱的能力了,可能新遇见的TA,送了你的60元的玫瑰,600块的口红,但当再棒起那6块钱,一杯的奶茶时,手是暖的,心却是空的,就像《亲密关糸》中写的一样,我无法相信伴侣的爱,我想TA早晚会伤害到我,其实不相信伴侣的爱,是你不敢相信自己,我们期望对方,不会造成再一次的伤害,但心里其实早已旧伤复发,我不后悔爱过你,只后悔这么晚才离开你,0K,我是 Caroline,陪你读人生"
99,54000,2368,6448,2020-02-25 18:15:32,"《鼠疫》,无力感≠无能为力,争《鼠疫》――阿尔贝・加缪,我们对于终日折磨着我们的","我们对于终日折磨看,我们的现状无能为力,《鼠疫》中的这句话,道出了我们很多肘候的心情,但如果我告诉你,无力威”其实也是一种良性状态,你会相信吗,大家应该都听说过,背水一战”这个词,其实那就是在无力的时候,作出的最有力的选择,换句话说,当我们威到无能为力的时候,往往是对事情有了最深入的了解,最理智的分析,然后怀看可以接受失败的心,再去奋力地一搏,如果有一天,大多数的人,都认为你没有希望的时候,甚至连你自已都质疑,是否还要继续的肘候,不要放弃,再试一次,也许就是离成功,更进一步的时候,0K,我是 Caroline,陪你读人生"
98,97000,5604,16000,2020-02-21 18:47:50,"李雪《有限责任家庭》,不是在爱中,就在恐惧中","不敢爱上一个人是什么感觉,就是我心里喜欢你,你喜欢的歌我会去听,你喜欢的事物我想去了解,存过你的照片,也研究过你的星座,但只要有一点风吹草动,我就会转身离去,《有限责任家庭》中写道,不在爱中,就在恐惧中,喜欢就像一只会吓人的纸老虎,里面包裹看无助和恐惧,说话前总担心,会被嫌齐,也从来不敢给你添麻烦,要么过度补,要么过度的冷淡,永远找不到那个合适的点,可能因为从前,从来没有得到过足够的爱,所以到现在,还不会恰如其分地爱一个人,或许爱是本能,但我想,只有另一个人的爱,才能开启,被恐惧包裹的心门吧,0K我是 Caroline,陪你读人生"
97,51000,3709,7493,2020-02-20 18:37:47,你还在等待,"一个爱,一个爱的人吗"
96,48000,2689,5532,2020-02-17 17:59:02,"心理情感隔离,半路留下来的人更辛苦","每当经历人生中的生离死别,往往留下来的那个人会更辛苦,这一路走来明明是,最不愿意剖舍的亲人和挚爱,生命却再也不会重叠,回忆过去,想看想看就笑了,笑看笑看就哭了,这种痛苦到麻木的状态被成为,心理情感隔离”,当遇到极度悲伤的事情肘,大脑会潜意识地,将情感和意识隔离开,即使手中的动作,没有一丁点的停顿,此时的大脑,也已经处于空白的阶段,不愿意去接受事情的发生,就算内心充满看痛苦,情绪也被剥离出来无法表达,整个人如同行尸走肉,感觉不到世界的温度和颜色,直以为自己是个勇敢的人,原来在面对失去你这件事上,我连接纳的勇气都没有,可能世界上最大的悲伤就是,我还在,你却离开了,0K,我是 Caroline,陪你读人生"
95,59000,3139,12000,2020-02-14 18:13:59,无,无
94,59000,4547,10000,2020-02-11 18:08:52,"《活出一个强大到温柔的小宇宙》,朋友是人生的休憩之处","看过一个统计,98%的人都拥有一段,超过十年的友情,甚至不止一个老朋友,但拥有一段,超过10年爱情的概率,却不足十万分之,可能因为开心的时候,想起的会是爱人,而想哭的时候,最能懂你的却是挚友,最好的友情就像,《活出一个强大到温柔的小宇宙》,中写的那样,你说你买房子那天,会给我留一个房间,其实我也一样,就算你还会问我借钱,因为两个人一起度过了,亲密无间的少年时代,也一同走过了,所有重要的时间节点,就算时光把我们分离,有些路只能一个人前行,但每当遇到了风雨,你永远是我,可以躲避的休憩之处,会默契的相视一笑,问一句,晚来天欲雪,能饮一杯无,0K,我是 Caroline,陪你读人生"
93,46000,2050,4874,2020-02-08 20:26:15,难得过个团圆节,"今天就是元宵节了,往年的初七初八,大部分人就急匆匆,赶往工作的城市,而今年因为的特殊的情况,倒是让我们暂停下了脚步,跟家人一起度过了,这个难得的团的节日,看过一个视频,一个人的平均寿命是7岁,如果用这张3030的A4纸张,代表我们漫长的一生,我们大部分的人,可能只走过了人生的三分之,父母今年可能50岁左右,如果剩下的时,每个月都跟父母见一次面,加起来的时间也只有10格,但如果一年见一次面,时间就只剩下孤零委的一格,以前我们总是忙着长大,忙着工作,为了衣锦还乡,而肯井离乡,以为打拼的速度能够,超过父母老去的速度,就可以回报他们了,但却忘了时间不一定,给我们陪伴的机会,父母在,人生尚有来处,父母去,人生只剩归途,OK我是Caro|ine,陪你读人生"
92,83000,5586,12000,2020-02-07 18:24:38,"女生恐婚有错吗?,120,要感","现在很多女孩儿,都说自己恐婚,的确,婚姻就是一场豪赌,要付出的已经全部付出,而得到的呢还一无所知,恐惧也很正常,这不过是对自己的一种保护,其实我们女生恐惧的,并不是婚姻本身,而是没有勇气,面对婚姻带来的变化,会害怕没办法,和他的父母融洽的相处,会担心车贷房贷,压的喘不过气,会恐慌孩子丰夜哭闹,却只能自己去哄,如果没有遇到一个合适的人,让我信心面对即将发生的生活,我继续保持恋爱的状态,其实也挺好的,每个人都能以,自己喜欢的方式过一生,我们也可以一辈子只谈恋爱,0K,我是 Caroline,陪你读人生"
91,48000,2035,7377,2020-02-06 18:37:40,"《左耳》,沉默不是妥协","有人说,我们平时在听到别人说,我没事”的肘候,总是不以为然,直到有一天,自己亲口说出那句“我没事”时,才明白那一瞬间,是最糟糕的时候,《左耳》这本书中有一句话,没有人见过深海鱼的眼泪,就以为它不会悲伤,那是因为它生活在深深的海底,我们总是把难过燕在心底,哪怕在生活中受尽委屈,也选择用沉默来代替哭声,因为我们明白,成年人的难过无法分享,长大后已经没有了,可以躲雨的地方,我们必须成为那把,为旬己遮风挡雨的伞,所以我们的沉默,不是向生活妥协,而是在默默积蓄力量,为了成为更好的自己,0K我是 Caroline,陪你读人生"
90,59000,2698,8419,2020-02-03 18:07:55,"《日落肘分的部落》,生活的暴击是否值得威激","有人说,我们要感激生活的暴击,因为它让我们变成了更好的自己,的确,品尝过苦涩的我们,是会在一瞬间成长的,但有些记忆,终究是在心底留下了抹不去的伤痕,遭受过背叛的爱人,可能再也不敢轻易相信承诺,而经历过嘲笑的朋友,再也不敢轻易故开心扉,海子在《日落肘分的部落》中,有这样一句话,躲避灾难,或迎看灾难走去,人生总有苦难,我们永远无法预测,下一秒是苦还是甜,但是生活的暴击,是一炀从外而来的无妄之灾,将一切吹得七零八落,鸡蛋的破裂,从外打破的是食物,而从内打破的,才是成长,所以生活的暴击,我并不威激,我只感激那个,在暴击里活下来的自己,0K我是 Caroline,陪你读人生"
89,104000,4127,9330,2020-02-01 18:08:35,"《自卑与超越》,讨厌自己的那一瞬间","你会有那么一瞬间,很讨厌自己吗,明明想好了不熬夜,但又刷抖音刷到两点,说好了要背单词,坚持两周就又放弃了,明明想拒绝朋友不合理的请求,却始终没有勇气说不,《自卑与超越》里说,我们每个人都有,不同程度的自卑感,因为我们都想让旬己更优秀,让自己过更好的生活,所以那些讨厌旬己的瞬间,正是我们想要,改变自己的开始,其实每个人,都有好的一面和不好的一面,世界上没有完美的生活,自然也不会有完美的人,周七天都会有双休,偶尔的卸韬屯涎,就当给自已放个假吧,其实真正爱你的人,不会因为这些不完美,而不喜欢你,因为他相信,同样真正爱他的你,会慢慢改变这些缺点,所以这偶尔讨厌的一瞬间,又何必放在心上呢,0K我是 Caroline,陪你读人生"
88,8228,258,62,2020-01-29 22:24:42,"武汉加油!,掌阅科技捐赠200万元,紧急驰援疫情一线!,其中:,向湖北省人民医院捐款100万元,,向武汉大学中南医院捐款100万元。,同时为武汉读者兔费提供100万份,掌间APPⅥP月卡,价值1800万。,众志成城,共克时艰,掌阅科技",2020年1月29日
87,80000,3585,14000,2020-01-27 18:54:36,"《爱你就像爱生命》,爱就是心甘情愿","我有一个朋友,是个十足的“妻笞严,工资发下来马上就上交,回家还要被查手机的记录,出差呢,还要拍个视频证明,我们都问他,你这样怎么忍得了,他说因为我爱人很胆小,总担心我走丢啊,《爱你就像爱生命》中写道,你想知道我对你的爱情是什么吗,就是从心底里喜欢你,觉得你就是一切,或许真心爱一个人,就是这样吧,你已经接受了,我所有的不完美,我又怎么能让你,心存焦虑和不安呢,那些生活里的事无巨细,只不过是我,想在这份威情中,给你再多一些安全威,尽管在别人看起来,这可能是一种束缚,但在我看来,这只是爱上一个人后的心甘情愿,因为比起自由,你和我的未来更加重要,0K我是 Caroline,陪你读人生"
86,61000,2415,7443,2020-01-27 18:51:28,"《小王子》,每个人都是自己的星星,乡的","女孩和闺蜜逛街的肘候,偶遇了前男友,她跟闺蜜说,他现在怎么这么丑啊,我记得他之前挺帅的,闺蜜听完哈哈大笑,他哪里有帅过,只不过是因为你爱过,《小王子》中有这样一句话,每个人都是自己的星星,但却因人而异,地球上的人类多如繁星,而我们喜欢的那个人,是其中最闪耀的那一颗,但有一天,他的星光会突然黯淡,我们努力的回想,他满身是光的样子,却最后发现,是我们目不转睛的注视,才让他成为了我们眼中,最闪耀的那颗星,所以我们心中所爱,能够一笑倾城,不过是因为爱,让他成为了那束独一无二的玫瑰,其实每个人都是自已的星星,如果像爱别人一样爱自己,我们也会成为夜空中,0K我是 Caroline,陪你读人生"
85,54000,1995,6711,2020-01-22 18:46:17,2019关于生活的感悟,"不知不觉就要过年了,总结了关于生活的几点小威悟,希望可以能帮到您,工作的每个选择,不仅要看收益,更要记得已经付出的成本,因为不是所有付出都会有回报,这一生难免会遇见几个,不靠谱的朋友,也可能经历一段,糟糕的爱情,但是不能因此而放纵自己,去过一个烂透的人生,绝大多数事做过了,就不那么怕了,做之前的焦虑远比,做完后的结果更煎熬,生活其实是按照,自己身体的意愿去行事,生活不是我们活过的日子,而是我们记住的日子,我们为了讲述,而在回忆中重现的日子,所以生命中真正重要的,不是我们遭遇了什么,而是我们记住了什么,0K我是 Caroline,陪你读人生"
84,45000,1854,4883,2020-01-22 18:45:31,"※,2020新年快乐,海内存知己",
83,270000,16000,27000,2020-01-21 13:55:03,"生性凉薄的人是什么样,囱的求0,能","你身边有没有这样的人,友善的对待每一个人,却又保持着距离,几乎不会主动帮助别人,但更不喜欢欠别人的,身边可能热热闹闹,但内心却冷冷清清,这一部分人有一个统称,那就是“生性凉薄,有一句话是这样说的,越得不到什么,越假装不在乎什么,其实生性薄凉,不过是因为不曾得到,所以只敢躲藏在,最安全的距离里,用最不在乎伪装看内心的渴望,不敢再奢求接纳,可能每个人生下来,都是会发光的恒星,而失望的多了,才变成了没有温度的行星,所以疏离的看看这个世界,本没有错,和自已相处,才是这一辈子最先要做好的事,所以就行走在,属于你自己的轨道上吧,0K我是 Caroline,陪你读人生"
82,38000,1704,6338,2020-01-20 18:45:55,"《单独中的洞见》,结婚要找到对的人,:…","春节马上就要来了,又到了被七大姑八大姨,关心人生的时候了,前几天我朋友跟我说,她过年最害怕的竟然是,她家人逼着她去相亲,每次相亲就像在提醒她,你到年龄了,应该去结婚了,但结婚是我们该有的幸福,而并不是我们必须要完成的任务,《单独中的洞见》,有这样一句话,婚姻是一张可以在显微镜下,观看爱情的门票,但票价是昂贵的,我们这一生,可能只爱一个人,也可能爱过很多的人,但面对婚姻的肘候,一定要等到那个,能给你幸福的人,因为人生有该结婚的爱情,但却不能有该结婚的年龄,毕竟一辈子太长了,嫁给一个错的人,远比单身一辈子要可怕的多,0K我是 Caroline,陪你读人生"
81,42000,1830,4173,2020-01-19 18:30:46,"《你当像乌飞往你的山》,总会有人想成为你的全世界","有只双目失明的小恐龙,被霸王龙抓住了,它问道,你是什么龙啊,是小贵族龙吗,如果你是霸王龙就好了,这样我就可以被吃掉了,我生下来就是个累赘,还是个胆小鬼什么都害怕,就连爸爸妈妈也不在身边,朋友更是一个都没有,像我这样的小恐龙,还不如没有出生,霸王龙听完宅的话,并没有吃掉它,而是把小恐龙托在手心,带宅去摘树上的红果子,让亡骑在自己的背上,带它去何里游泳,他对小恐龙说,这个世界上没有谁,是不该被出生的,星星不会因为不被人看到,而不再闪亮,所以看不见又怎样呢,你一定会闪闪发光的活下去,《你当像乌飞往你的山》,这本书中说,每个人都应当像鸟一样,飞向属于自己的那座山,可能飞的过程充满了波折,可能这个世界不够温柔,但可以试看打开心扉,因为恿有一个人,愿意带你去看全世界,愿意成为你的全世界,0K我是 Caroline,陪你读人生"
80,43000,2263,6729,2020-01-17 18:35:54,无,无
79,61000,2606,7925,2020-01-15 19:10:20,"《生活是很好玩的》,婚姻是爱情的启程","有人说,80后不是离婚了,就是正走在离婚的路上,现在离婚大军也悄悄向90后靠拢,可能大多数人都会以为,只有出轧、家暴,才会结束一段婚姻,但七成的失妻,只是一句不合适,就一拍两散,因为大多数人,把婚姻当成了爱情的终点,婚后就逐渐丢掉了,恋爱时完美恋人的面具,然后发现,原来现实的你,和我想象的不一样,最终只能走向分离,《生活是很好玩的,这本书中写到,爱,是一份对光阴和季节的钟情和执着,婚姻只是启程,成了眷属后的长长久久,才是要跑的人生里程,纸短情长,婚姻不是在领证的那一刻,想和你在一起,而是在往后的日子,要和你过一生,0K我是 Caroline,陪你读人生"
78,13000,851,4362,2020-01-14 15:24:46,"《普希全书信集》,最好的友情","最舒服的友情是什么样的,有个答案是,你知道我所有的优秀,但会常常泼我冷水,怕我得意忘形,你知道我所有的不堪,但为了我的形象,会替我永远保密,《普希金书信集》里有这样一句话,不论是多情的诗句,漂亮的文章,还是闲暇的欢乐,什么都不能代替无比亲密的友情,可能友情不像是爱情那样的甜蜜,但经过时间的友情,一定是充满了温馨,我们彼此嫉妒却共同进步,我们肘常互怼却也为彼此撑腰,就像两具身体,却装载看同一个灵魂,或许真正的友情,像两条临近的千行线,虽不曾相交过,但无论什么时候一转头,总会发现对方就在自己的身边,朋友大概就是那个把你看透了,还能喜欢你的人吧,0K我是 Caroline,陪你读人生"
77,57000,3269,9388,2020-01-10 20:24:15,"《从你的全世界路过》,做自己的英雄","女生被相恋多年的男朋友劈腿,她问男生为什么选择了别人,男生说,你那么坚强,没有我也可以过得很好,但是她不行,我们在伤痛来袭时强忍住眼泪,于是别人就会觉得,我们真的无坚不摧,不需要被疼爱和保护,《从你的全世界路过》中写道,所有人的坚强,都是柔软生的茧,对很多女孩儿来说,坚强大概并不是一个好的词汇,我们只是比别人更懂得,人世间的辛苦,生活的暴击,让我们为旬己创造了坚强的盔甲,这是礼物,更是代价,其实谁不想当一个,单纯的女主角,只是生活并不是童话,不是每个人都能等到,王子的拯救,但没有关糸,至少我们可以在自已的世界里,做自已的英雄,0K我是 Caroline,陪你读人生"
76,10000,248,477,2020-01-08 16:14:35,"《给青少年的十二封信》,有温度的爱才有意义","《奇葩说》有道q题是这样的,当你的爱人离世,你会把他的记忆,交给人工智能吗,《李开复给青少年的十二封信》中,给出了这样的答案,人工智能是依电而活的机器,虽然不关机就能“永生”,但它永远不明白什么是爱,AlphaGo可以击败世界冠军,但它永远不会渴望拥抱一个人,李开复在书中写道,不管怎么进步,我们仍没法创造出,可威受情绪的人工智能机器,机器是能留下永不退色的记忆,但却留不下当时的温度,无论是坠入爱河时的甜蜜,还是被拉出图境时的威动,的确人类无法靠算法,规划完美生活,但我们在面对生活的任何不确定,都有爱做支撑,或许不愿意把记忆交给人工智能,就在于只有人才能懂得,爱与被爱的意义吧,0K我是 Caroline,陪你读人生"
75,48000,1828,6863,2020-01-07 18:17:20,"《庆余年》,人为什么要努力","有射会想,人为什么要努力呀,因为努力好像是世界上,最无能为力的词,每当失败的时候,总会有人说,没关糸,至少你努力过,努力可能看不到成功的结果,努力可能像阿詹说的那样,得不到那个人,但总会有一个人,他让我们觉得这世界上,有那么几件事儿,值得我们付出一生去努力,去坚持,就像《庆余年》里说的一样,在这个世界上,若没有甘愿为你赴死的人,活看何其无趣呀,当下定决心去做的时候,不是没有想过可能会失去一切,但从来就不是,抱看“做不到”的念头去前行的,即使看不到成功的结果也是正常的,这一路的坎坷经历,本就是一种进步,毕竟,总有一个人的信念,就是你的心之所愿,便是徒芳亦是不悔,0K我是 Caroline,陪你读人生"
74,46000,1444,8332,2020-01-03 19:11:41,"《卖房子的女人》,爱情需要相互理解","两个人在一起,如果不能互相理解,那会是种什么体验,大概就是,我想吃莘果,你却给我买了梨,我说我不能吃梨,你却埋怨我,点都不知道体谅你的艰辛,《卖房子的女人》中有这样一句话,以为自己能与他人相互理解,才是真正的傲慢,因为不理解产生的冷馍和豌离,远比鞭长莫及的异地恋要苦,我们是不需要翻山越岭就可以见面,但关怀和温暖,却bb无期,的确,世界上没有真正的威同身受,但爱情里,还是需要对方的理解,因为那是一个人,心甘情愿的妥协,所以既然我们有缘,在一座城市里相恋,就不要让我们两个人的心与心之间,再隔上一道银河了,0K我是 Caroline,陪你读人生"
73,194000,7655,23000,2020-01-02 18:30:46,"《八尾猫》,我的愿望就是如你所愿","传说修炼的猫每过二十年,就能多长出一条尾巴,当尾巴长到笫九条的时候,他要实现一个人的愿望,才能再长出一条尾巴,但实现愿望,要先消耗一条尾巴,所以这几乎成了一个死循环,但猫却非常虔诚地,完成了这个循环,有一次,他遇见了一个少年,这个少年望看八尾猫,一时没想好许什么愿,所以八尾猫只好每天,都坐在门口等待看少年的愿望,不知不觉,个月过去了,少年终于走到八尾猫的面前问道,是不是所有的愿望都能实现,那我的愿望就是,希望你能有九根尾巴,我们就像是循环往复的八尾猫,等待看有缘人的成全,可能现在的你处于失望,但这开非是你的付出有错,只是还没遇见,珍惜你心意的人罢了,我相信总会有个人,的愿望就是如你所愿"
72,69000,2624,7291,2019-12-31 18:56:21,"《你是人间四月天》,明年你还爱我吗","zGRS之前,就推出一款“恋爱自”,但最终能相守三年,迈入婚姻殿堂,领取到那1万朵玫瑰的,却寥寥无几,无独有偶,那场“明年你还爱我吗”的演唱会,一年前情侣们争相抢购,一年后的台下,也只是空空妇也,可能是因为一辈子太长,爱情却太短,365天都敌不过的我们,要怎样奢求看往后余生呢,后来发现我们和别人都一样,你不是我的良人,而我也只是你的风景,所以假如你真的爱上了一个人,不要只给她钻戒和玫瑰,因为比起转瞬即逝的美好,她更想要有一个人,陪她慢慢老,陪伴才是最长情的告白,请你陪我见证答亲,不过答紊很长,我准备用一生的射间来回答,你准备要听了吗,0K我是 Caroline,陪你读人生"
71,144000,5328,25000,2019-12-29 18:07:52,"《械锰鹈馈,爱情,太早太晚都不合时宜","有人说,那个你教会他如何恋爱的人,注定只能温暖他人,就算你爱得轰轰烈烈,最后还是变成了,最熟悉的陌生人,就像《械锰鹈馈分兴档,陪你喝醉的人,注定没办法送你回家,的确,人生的出场顺序很重要,感情里总会有一些过客,给我们上完一课便消失不见,他们用自己的离开,来教会我们成长,把我们变成了更好的自已,可能错的时间遇见对的人,只能留下无奈,我们终究还是要在对的时间,等到那个对的人,所以戚谢你能来,不遗憾你离开,这一路,相遇一场,各自安好,0K,我是 Caroline,陪你读人生"
70,42000,1462,4041,2019-12-27 18:20:52,"《重庆森林》,友情也有保质期","前两天朋友圈更新了,评论表情包的功能,很多人都打趣说,再也不用因为偷表情包,而和一个人聊天了,如果你还勾选了“仅聊天”,那么他就真的成为了,列表里未删除的陌生人,《重庆森林》里说,不知道从什么附候开始,在什么东西上面都有个日期,秋刀鱼会过期,肉罐头会过期,连保鲜纸都会过期,曾以为君子之交淡如水,友谊可以跨越山海,但熬过一段异地恋,都那么得不容易,友情又怎会不用维糸,就天长地久呢,如果说设置朋友圈三天可见,是把走进你生活的门关上,那把朋友权限设置为“仅聊天,可能意味看不动声色地,为一段感情画上了句号,可能成年人的世界,就是没有分道扬镳,只有渐行渐远吧,0K我是 Caroline,陪你读人生"
69,111000,2641,11000,2019-12-26 18:18:56,"《因为这是你的人生》,好教养不代表高情商","看过《奇葩说》的观众,定会给蔡康永贴上一个,高情商的标签吧,最近读了蔡康永的新书,《因为这是你的人生》,打破了,高情商就是擅长沟通”的概念,书中有个故事说,位主厨做了一道精致的菜肴,还特地来到桌边,为客人讲解这道莱肴的精妙之处,客人专注的把讲解听完,但听完以后莱都凉了,总有人说,为你付出那么多,你却从来没有威动过,但不感动不过是因为那个人,没有真的了解到,我想要的是什么,就像蔡康永在书中说道,没有对准对方需求的付出,等于对方没有收到,甚至觉得是干扰,所以很多肘候,高情商不是刻意的,八面玲珑左右逄源,而是好好跟自己相处的同时,也能把别人放在心上,0K我是 Caroline,陪你读人生"
68,78000,3167,12000,2019-12-20 18:55:56,"《房思琪的初恋乐囡》,你喜不喜欢我,801","谈恋爱的射候,女孩子经常会问一个问题,你喜不喜欢我啊,但好像每次问,看到男生不耐烦的样子,仿佛在说,怎么又问这个问题啊,我知道你是爱我的,但我还是想听你说,因为这句话可以安抚我,情人节没有礼物的失望,可以安慰我寒风中,等待你的疲惫,可以让我相信,“是的,你真的爱我”,《房思琪的初恋乐园》里,有这样一句话,我跟你在一起,好像喜怒哀乐都没有名字,我好像成了你的提线木偶,只有你,才会给我带来喜乐,牵动我哀怒,所以如果可以,我想下次再问的时候,你会生气的和我说,对不起,是我做的不够好,才会让你不敢相信我是爱你的,才能只有一句,我爱你,去说服你的心,0K,我是 Caroline,陪你读人生"
67,119000,4391,16000,2019-12-18 18:23:35,"掌阅,愿你有英雄呵护,也有勇气独立,801","岳云i曾经因,算错了两瓶啤酒的价格,被客人辱骂了整整三个小时,毕淑敏在11岁的时候,因唱歌跑调,被老师羞辱责骂,落下了不能唱歌的毛病,后来岳云i因祸得福,进了德云社,而毕淑敏的作品,也被选入了语文教材,《愿你有英雄呵护,也有勇气独立》中,写过这样一句话,那些你以为过不去的,都会过去,或许人生总会经历,冷朝热讽,坎坷挫折,有人说要宽容,要原谅要放下,要威谢伤害你的人,他们使你更强大,但其实我们,变的更强大的原因是,我们熬过了那些伤害,抗住了那些打击,所以相比那些自欺欺人的原谅,不如坦诚地面对自己,毕竟自欺欺人,比“恨”更糟糕,0K我是 Caroline,陪你读人生"
66,108000,4613,19000,2019-12-16 18:51:46,"掌阅,《因为这是你的人生》,人生没有范本,R01","有人说,人生中有两条路是要走的,条是必须走的,一条是想走的,你只有把必须走的路走完,才可以走想走的路,所以总会有人说,听过来人的话,别走弯路,但妇果20岁的人,走看过来人的路,那他的青春,还如何年轻,如果每个人都活成了范本,那我们的人生,还有何差异,《因为这是你的人生》中写道,人生从来没有范本,只有适合我们的剧本,必须走的路,只会让自己的路,走的更艰辛,而成功人生的范本,也只会让自己面对挫折时,更加失落,其实人,生而不同,人生又何必要一样呢,生活终究是一场,关于自我的终身修行,2020年,相信你可以摆脱别人的期待,找寻到真正的旬己,0K我是 Caroline,陪你读人生"
65,120000,4762,29000,2019-12-07 18:38:31,"掌阅,我不要你的一视同仁","有人说你给我一块糖,我感动不已,但我转身发现,你给我的和别人的一样,那我宁可不要,而当你给了所有人牛奶味的糖,却偷偷跑来给我塞了一块,草莓口味的糖肘,我就会知道,你是真的爱我,其实我们想要的不过是,无理由的偏爱,无差别的爱,不过是谁也不爱,可能你想做宽阔的大海,但我想看到的是,众丘中凸起的山峰,因为一视同仁,是对在乎的人最大的伤害,剩下的只有委屈和不安,或许爱情的本质就是,我是你的独一无,你所有的先河都可以为我而开,所有的例都能为我而破,毕竞我爱你,并不是对你好,而是放弃了对其他人的好,只对你好,0K,我是 Caroline,每天一本好书,带您品味人生百态"
64,67000,4091,14000,2019-12-06 18:23:20,"掌阅,《开到茶靡》,痛若有形","小时候总是无所顾忌,无所不谈,长大后才知道,总有一些委屈你说不出口的,就像许多无奈是真的无能为力,亦舒在《开到荼蘼》中写道,能够说出的委屈,便不算委屈,的确,现在想找个说话的人很容易,但找个说出心底话的人,却很难,当你内心天翻地覆,别人看来,只不过你今天沉默了一点,终归所有的委屈,只能一个人默默的消化,设想过假如疼痛有形状,是不是那些爱逞强的孩子,就可以不用那么辛苦,因为委屈了不用诉说,别人就明白,我们再也不用带看伪装的面具,因为你懂我的狼狈不堪,我也明白你的欲言又止,生活推着我们拼命奔跑,但痛若有形,我可以为你撑一把伞,不至于让你一个人,被大雨倾倒,0K,我是 Caroline,每天一本好书,带您品味人生百态"
63,58000,2430,7909,2019-12-03 18:59:21,"掌阅,《小王子》,你是我独一无二的玫瑰,on","在网上看过一个问题,在有男朋友的情况下,遇到了更好的人该怎么选择,有个回答是这样说的,可能你的爱人,也遇到过更好的人,但他为了你,拒绝了无数次,就像《小王子》中说的一样,只有你是我独一无三的玫瑰,其实我们都想要最好的,所谓的更好也并不难找,但爱情从来都不是,单纯的利弊比较,是我们为数不多,可以相信的童话,爱让我们成为,对方心中的光芒万丈,不再是庸俗尘世的泛泛之辈,可能爱情并不是去寻找,个天生的王子,而是让一个平凡的人,在我们心中变成王子,成为整个世界上,最特别的存在,0K,我是 Caroline,每天一本好书,带您品味人生百态"
62,266000,16000,55000,2019-11-29 18:50:06,"掌阅,《一切都是最好的安排》,众生皆苦,但我不认输","你经历过那种,撑不下去的艰难时刻吗,你威到孤立无援、糟糕透顶,身边是无边际的黑暗,和封死逃不出去的墙壁,你拼了命拒绝成为,没有梦想的威鱼,到最后却成了刀俎上的鱼肉,这个弱肉强食的世界,大抵就是这样,正如《一切都是最好的安排》,中所说,你弱小的时候,会感觉世界对你充满了恶意,但当你强大了,世界才对你展颜欢笑,我们之所以会痛苦,是因为我们还太弱小,如果你陷入低谷时,抱怨为什么连老天都不能帮你,其实那是因为上天相信你,可以靠自己撑过去,那些让我们深夜痛哭的苦难,总有一天,也会成就我们,众生皆苦,生活总有苦难,但永远不要放弃,毕竞天一定会亮,0K,我是 Caroline,关注我,每天一本好书,带您品味人生百态"
61,98000,4585,19000,2019-11-28 18:40:26,"掌阅,《生活在别处》,分手应该体面,107,ACENTURY","爱情中最遗憾的是什么,恐怕很多人的答案都是,我没能好好地和他说一声再见,很多人分手的场景,总是撕破脸皮的争吵,在气头上说出,最不堪入耳的脏话和辱骂,为这段恋情,画上一个难堪的句号,《生活在别处》中有一句话,这是一个流行离开的世界,可我们都不擅长告别,爱情的开始,恿是满心欢喜,结束有时却狼狈不堪,而当我们再次回忆起那个画面,我们多么希望,他看到我们最后的一面,能是漂漂亮亮,而不是灰头土脸,破口大骂的样子,文世间,来过、错过、遇见过,都是幸运,如果在一起太难,那么至少我们不要辜负相遇,好好和对方说一声再见,很高兴认识你,尽笞肘间非常短暂,0K,我是 Caroline,每天一本好书,带您品味人生百态"
60,74000,2364,7709,2019-11-27 18:07:26,"掌阅,每一次恋爱都是第一次","最近看到一个有意思的话题,恋爱时要不要坦诚,自己的恋爱经历,这让我想到身边的一对朋友,男生是25岁的母胎solo,女生却谈过四次的恋爱,两个人都不敢坦诚,怕被对方嫌弃,其实恋爱经历,并不代表恋爱观,是否真心相爱,也无关于恋爱的次数,没谈过恋爱的人,可以更单纯的看待爱情,而谈过恋爱的人,会更懂得如何去爱,所以坦诚又有何妨呢,就算我之前交了一百个男朋友,他们都不是你,就算你没去过,全世界的任何一个地方,我依旧期待你来我家,因为两个人相处,本是两个人的事情,我们都是第一次和对方谈恋爱,这是你的第一次,也是我的笫一次,所以往后余生,请多指导,0K,我是 Caroline,每天一本好书,带您品味人生百态"
59,51000,1919,8649,2019-11-25 18:40:06,"掌阅,《奇葩说》,恋爱最怕七年之痒","恋爱中的情侣,最怕失去新鲜感,就像婚姻里的夫妻,最怕七年之痒,的确平淡的生活,会让我们觉得有些乏味,甚至有时会选择分手,来寻找一份新的爱情,但其实新鲜威,就像瓶子里的水,如果死守看最初的悸动,不去改变,很快就会把仅剩的新鲜威,消失殆尽,《奇葩说》的黄执中说,美好的事物不是没有裂痕,而是满是裂痕却没有崩开,失去新鲜感不是爱情的结束,那是爱情真正的开始,当爱情归于平淡,可能才验证了我们彼此的真心,真正的威情,并不是换人来保持新r威,而是和同一个人,起经历这些世界的不同,创造出只属于我们的新鲜威,0K,我是 Caroline,每天一本好书,带您品味人生百态"
58,157000,7183,22000,2019-11-23 19:29:51,"掌阅,《米开朗琪罗传》,生而为人,不必抱歉","北京2019年的平均收入,大到了11000元,很多人抱怨,拼了命努力,还是拖了平均工资的后腿,生活太难了,的确,很多时候我们的付出,都得不到回报,一切都是白费,甚至有时候也会想,要不就算了吧,罗曼罗兰,在《米开朗琪罗传》中写道,世界上只有一种真正的英雄主义,那就是在认清生活的真相后,依然热爱生活,我们每个人都背负着生活的枷锁,迈在少有人走的路上,追逐看心底的诗和远方,也许活看很容易,但生活很难,因为总要面对坎坷,但它让回报变得更加珍贵,就像万物皆有裂痕,但那是光,得以进来的地方,所以从来就没有,不需要抵抗重力的飞翔,毕竟少爷不落难,怎么会有故事呢,0K,我是 Caroline,每天一本好书,带您品味人生百态"
57,322000,19000,69000,2019-11-19 18:19:11,"掌阅,《谢谢你离开我》,爱让我们卑微如尘埃,07,CENtURY","爱一个人能卑微到什么地步,有人说,就是你很长一段肘间不理我,我明明难过的不得了,可是你一开始和我说话,我又开心到好像,什么事都没有发生过,大概爱上一个人,就是你为他患得患失,而他却永远不会感动,《谢谢你离开我》中写道,个人最大的缺点,是偏执地爱一个不爱自己的人,的确,等一个不爱你的人回头,就像是在机场等一艘船,但其实,你也是个从小被父母,宠到骨子里的小公主,何必非要栽在他身上,爱到尊严全无呢,一个人的退路退到底,终究是会掉进悬崖的,因为爱你的人一定不舍得放手,所以即便心里有万般不舍,也是时候和那个人告别了,我爱过你,我真的尽力了,0K,我是 Caroline,每天一本好书,带您品味人生百态"
56,108000,6456,14000,2019-11-17 19:33:24,"掌阅,《斜阳》,敏感的人都很委屈","据说每5个人,就会有1个高敏戚型的人,可能敏感的人,都过得很委屈吧,我有个朋友就是这样,一起出去恿担心自己说错话,惹大家不开心,看到别人的表情不好呢,就自责是不是自己做错了什么,甚至有时关门的声音大了一点,就觉得他是不是,不再喜欢我了,太宰治在《斜阳》中说道,太敏戚的人,会体谅到他人的痛苦,自然就无法轻易做到坦率,内心敏戚的人,都是太想体谅别人,哪怕会委屈自己,也想活成别人服中期待的样子,其实敏感本没有错,只是别人的情绪,本就不该归因到你自己身上,我们可以只为自己负责,所以不需要再辛苦伪装自己了,在照顾别人的肘候,别忘记先照顾好自己,毕竞对你来说,你才是这世间最珍贵的存在,0K,我是 Caroline,每天一本好书,带您品味人生百态"
55,208000,10000,47000,2019-11-15 18:52:42,"掌阅,《哈尔的移动城堡》,不完美的TA,20","遇上一个特别中意的人,是什么威觉,有人说,就像我衣看单薄的,在风口站了很久,直到他的出现为我披上大衣,尽管他并不是白马王子,但也让我原谅了,生活所有的刁难,《哈尔的移动城堡》中,有这么一句话,爱不是寻找一个完美的人,而是学会用完美的眼光,欣贲那个并不完美的人,或许你现在并不完美,但你站在我面前,为我挡风遮雨,在寒冷的冬天,为我驱寒就足够了,其实女孩子要的并不是完美,而是另一个人,明目张胆的偏爱,宇宙爆炸了一百三十七亿年,我才等到你,是你让我们的爱情变得独一无,也许这世间最浪漫的爱情就是,不完美的我遇到了不完美的你,谈了一场完美的恋爱,0K,我是 Caroline,每天一本好书,带您品味人生百态"
54,237000,11000,43000,2019-11-13 18:27:58,"掌阅,《人间失格》,从陌生人变回陌生人就是我们的故事","有人说,人的一生会遇到过826万人,会和3619人熟悉,与275人亲近,但最终,都会失散在人海中,每一次的相遇与离别,不过是从陌生人又变回了陌生人,只是因为是你,相遇才有了意义,《人间失格》里有这样一句话,他自人山人海中来,来时携风带雨,我无处可避,走时乱了四季,我久病难医,原来只为给我一场空欢喜,我们就像两条相交线,相遇以后便开始渐行渐远,但即便如此,我依旧不愿与你只能平行,因为我可以从相遇那一刻起,开始欢喜,直到悲痛来袭,那如果不能和你一起生活,至少我可以和你一起活着,因为我可以变成你,带看你,从此岁月不扰,千山共路,万水同舟"
53,200000,9932,50000,2019-11-11 18:06:39,"掌阅,《二十亿光年的孤独》,送礼物这件小事儿","这两天双十,闺蜜的购物车里堆的满满的,我打趣的问她,你男朋友帮你清空购物车啊,没想到她却摇了摇头说,他从来没有主动给我买过东西,怎么可能给我清空购物车,《二十亿光年的孤独》中说,爱这种东西不是给予,而是得到,是得到对方对爱的期待,可能一个人真正的爱,就是想把最珍贵的东西都给你,有钱的人,h意在你身上花费时间,而有时间的人,舍得在你身上花钱,其实女孩,并不是非要你送她东西,而是希望你能在,那些特殊的肘刻想起她,她想要的并不是一份礼物,而是礼物背后的在意和关心,我买的起玫瑰,却还是想让你送我,就像我自己一个人也可以生活,更希望有你的爱与我相伴,0K,我是 Caroline,每天一本好书,带您品味人生百味"
52,243000,7561,11000,2019-11-09 21:16:38,"掌阅,《一直很安静》,没有谁是多余的流星","你会不会觉得,自己是多余的那个,推开宿含的门,发现说说笑笑的大家,突然安静了,担心是不是打扰了他们,我闰蜜去逛街,个人走在路上,觉得她们是一对,而自已却是单看的那个,有射候会觉得,自己离开没有人会在意,甚至还会让他们更轻松一点,这威觉就像,《一直很安静》里写的一样,明明是三个人的电影,我却始终不能有姓名,可能人和人之间,真的是被隔开的,只不过这隔阂,只能用心才能看得见,但你抬头看下太阳,辶孤季零的在银河糸里,却从来没有人会觉得,它是多余的,所以不要觉得旬己是多余的,你也是世界上的一束光,照亮了世界的一隅,恿会有人山高路远,只为你而来,枯木会逄春,你也会与美好相逢,0K,我是 Caroline,关注我,每天一本好书,带您品味人生百味"
51,102000,5234,16000,2019-11-05 18:21:28,"掌阅,《雪中悍刀行》,天下没有不散的筵席","你上学时最好的朋友,现在还在朕糸吗,现在想想是不是古初一起疯闹,一起哭笑的好朋友,走看走着就新了联糸,可能我们的人生就是这样,不新相遇又渐行渐远的过程吧,《雪中悍刀行》中有这样一句话,书中说,人生何处不相逄,但书上还说,天下没有不散的筵席,我们曾在人群中相遇,但终会被人潮错开,岁月在变迁彼此在成长,人生的这趟列车上,总会有人下车,但如果有一天,你我真的到了分岔路口,我也不会遗憾,因为有生之年,与你相识已是一种缘分,正如宫崎骏所说,当陪你的人要下车时,即使不舍也要心存戚激,然后挥手告另,因为我知道,每次的分离,都是为了下次更好的相遇,0K我是 Caroline,关注我,每天一本好书,带您品味人生百态"
50,104000,4091,12000,2019-11-02 19:48:23,"掌阅,《她比烟花寂寞》,爱情中最美的地方在于遗憾","可能爱情里最让人难过的,并不是分手的那个噼间,而是在分开后的那些,我本可以”的遗憾,本可以从一而终,到最后却是无疾而终,《她比烟花寂寞》中说道,我最大的遗憾,是你的遗憾与我有关,那个曾经让你对未来,有所期许的人,却缺席了你的未来,你们曾计划一起旅行,你也曾想好了一定要嫁给他,而当你终于沾在约定好的目的地,穿上了婚纱,却发现当初的那个人,已经远去,可爱情里最迷人的地方,就在于这种遗憾,它让那些细小的日常,也成为了故事,而他也成为了,故事里那个最特别的人,电影《花样年华》里,梁朝伟对张曼玉说,如果多一张船票,你会不会跟我走,遗憾的是你没有回答,美的是这并不需要答亲"
49,158000,9291,44000,2019-11-01 19:07:31,"掌阅,《小王子》,懂得,比爱更重要","最好的爱情是什么样的,有人说是爱我且懂我,当他问我吃什么,虽然我说看随便,他买的却是我最爱吃的,他懂我的全部的言外之意,更心疼我所有的欲言又止,在他面前我可以变的柔软脆弱,因为他明白,其实我并没有那么坚强,《小王子》中有这样一句话,爱不是相互凝望,而是朝同一个方向看去,在这世间找一个,跟旬己过日子的人并不难,难的是这个人能懂你,看懂你无奈背后的心酸,落寞底下的委屈,跟一个爱你的人在一起,或许你会变的成熟,但和一个懂你的人在一起,会因为爱把你变回一个孩子,因为懂你本就是世界上,最温情的语言,0K我是 Caroline,关注我,每天一本好书,带您品味人生百态"
48,763000,34000,107000,2019-10-31 22:31:55,"掌阅,《春风十里不如你》,时间一切都刚刚好","您可能没有意识到,再有90天就要过春节了,身边的00后都已经成年了,90后也开始奔三了,甚至再有两个月,连20后都要出生了,看看周人在慢慢长大,才意识到我们已经,在变老的路上了,就像《春风十里不如你》中说的一样,不可避免的事是一夜之间,活着活着就老了,时间就是这样,如白驹过般的流逝,以前想看快点独立快点长大,现在却每到生日,就觉得自己又变老了一岁,前两天看到一条抖音说,如果我18岁可以,和你谈一场没有结果的恋爱,可惜我现在不再是18岁,但仔细想想,就算你现在28岁38岁,比起整条人生路,我们不也才走了个开始吗,所以不要恐慌,很多事都来不及了,只要你想,时间一切都刚刚好"
47,62000,1734,3975,2019-10-29 18:59:12,"掌阅,《82年生的金智英》,生而为女人,不必抱歉","据说每一个推荐过这本书的,女艺人都被骂了,今天要说的,就是这本在韩国饱受争议的书,《82年生的金智英》,书中女主放学路上,被变态跟踪,却被爸爸指责穿的太少,考大学肘被父母强迫,考师范学校,因为老师是最适合女生的工作,结婚后表偶式的育儿,让她精神崩溃,患上了抑郁,作者通过这个故事告诉我们,你无法想象一个女孩,要经历多少看不见的坎坷,才能跌跌撞撞地长大成人,现在的环境中,对于女性的各种隐性的,歧视和偏见难以磨天,我们难以拥有自我,只能被定义、被标签,希望每一个女性,都可以不被,“女人”的身份所束缚,拥有更自由更坦然的人生,0K我是 Caroline,关注我,每天一本好书,带您品味人生百态"
46,81000,3844,14000,2019-10-26 18:31:09,"掌阅,《最好的我们》,并不是所有的付出都要有回报","你经历过这些吗,对朋友掏心掏肺,却没有换回他的坦诚相待,为工作精疲力尽,可却没有拿到,令人满意的薪酬,对恋人一心一意,结果没能走到最后,可能这个世界上大多数付出,都没有与回报成正比,但一个人的付出,本就是心廿情愿的事情,《最好的我们》中有一句话,奔波的人生,我们已经用心、尽力,何必还去耿耿于怀,其实多数时候,我们并没有想过回报,因为付出的每个瞬间,都会成为记忆中的小美好,所以为何还要对结果耿耿于怀,反而因为我们没有期待,当有所收获的射候,才会更加地惊喜,虽然这短短的一生终将失去,不妨勇敢一点,不要让害怕付出,成为你爱而不得的理由,0K,我是 Caroline,关注我,每天一本好书,带您品味人生百态"
45,312000,14000,55000,2019-10-26 09:30:16,"掌阅,《亲密关糸》,出轨是否该被原谅","有很多人问,另一半出轨了,我要不要原谅ta,可能本就不存在,原谅这个答案吧,无论怎样你都会发现,你再也不会信任ta了,当ta换了新的发型,你会担心是给谁看,当ta不回家吃饭,你会猜疑是和谁在一起,ta花的每一分钱,生活里的每一个举动,都会令你不安,你们之间就像,《亲密关糸》里说的一样,过去的事就如同魅影一样,如影随形挥之不去,脑海中会不新想起那个,最不愿想起的画面,然后后悔,我为什么还要和他继续在一起,其实这很正常,因为我们都不是圣人,所以做不到既往不咎,面对你的伤害,我还是做不到释怀,那就算了吧,何必用别人的错误伤害自己呢,0K我是 Caroline,关注我,每天一本好书,带您品味人生百态"
44,117000,6008,23000,2019-10-24 18:42:31,"《小王子》,成年人也是过期了的小朋友","有人说,成长就是闭上了嘴,低下了头,不知道什么时候开始,我们总是扮演一个,个不动声色的大人,明明我们小附候想哭就哭,想笑就笑,这一秒想要抱抱,就绝不会等到下一秒,而现在,哪怕心里再苦,也要装作若无其事,《小王子》中有一句话,所有大人,都曾经是个小孩,却只有少数的人才记得,成年人其实也不过,是在小孩的世界里,努力扮演看成熟的大人,边抵抗看成长,想保留单纯和童真,一边逼隐忍,慢慢变圆滑和强大,一面向上攀爬,面向下倒娟,我并不觉得成年人的情绪稳定,是一种赞美,生活已经这么苦了,你又何必如此懂事,当情绪的堤坝快要崩溃肘,就由它泥沙俱下,别忘了,你可以善待你的悲伤和脆弱,因为你也只是个,刚过期的小朋友啊,0K我是 Caroline,关注我,每天一本好书,带您品味人生百态"
43,122000,4588,15000,2019-10-22 18:40:51,"《独居日记》,没有谁是为了谁而存在,1*自","你在爱情中缺乏安全戚吗,天问男朋友八百遍,你爱不爱我,不自觉的和他前女友比较,患得患失,不停地给对方发信息,还必须秒回,偶尔他加斑晚归,就担心他有了别人,吵架就说分手,来证明自己的重要性,因为你恿觉得他会离开,总觉得即使他离开,你都不会知情,把所有的安全戚,寄托到对方身上,但一次次换回的总是失望,《独居日记》中写到,要学会轻淡无形,保持足够的距离,在爱情里,我们要学会多爱自己,当把自已的人生,经苦的明明白白时,根本无需要多加讨好,对方就会像块被吸引的磁铁,不由自主地靠近你,保持距离并不代表不爱,只是因为在这个世界上,从来没有谁,是为了谁而存在的,0K我是 Caroline,关注我,每天一本好书,带你品味人生百态"
42,58000,2492,4467,2019-10-20 18:13:30,"《王尔德作品集》,我希望你过得好但不要比我好,厂2","你有嫉妒过你的朋友吗,当朋友上了名牌大学,找到了高薪的工作,嘴上说着祝福,但心里有时会想,为什么她这么幸运,怎么不是我,想完了又为自己的阴暗面威到愧疚,就像《王尔德作品集》中写道,要消受一个春风得意的朋友,需要非幸优良的天性,可能对于大多数女生而言,友情大概就是,我希望你过得好,但不要过得比我好,嫉妒其实是生活里的一种常态,宅让我们的关糸出现裂痕,让我们心存不安,但它在友情中不一定是一件坏事,正是因为我们身上,让对方所嫉妒的一切,才让我们成为了朋友,毕竟真正的友情,不一定是一尘不染,而应该是瑕不掩瑜,0K,我是 Caroline,每天一本好书,带您品味人生百态"
41,157000,9164,36000,2019-10-18 18:35:42,失望从来都不是一蹴而成,"我爱你但我已经不再喜欢你,是一种什么感觉,有一个回答是,我懂你的苦衷,也理解你的难处,我只是失望了,往后余生不想再与你相见,是从什么射候开始失望的呢,是加班到凌晨,另一半却因为要打游戏让自己回家,还是期待了很久的情人节,另一半却心不在焉毫无准备,约定好的旅行,想去看的电影,恿是一拖再拖,最后不了了之,失望从来都不是一蹴而成的,因为离开是一场长久的预谋,在决定放弃一个人之前,一定是在风中站了很久,只是被偏爱的人总是有恃无恐,以为你不会走,殊不知爱是有期限的,当被喜欢的时候不珍惜,可能分开了留下的只有遗憾,所以珍惜身边那个,满眼是你的人,毕竟她爱你,就像爱自己的生命,0K,我是 Caroline,关注我,每天一本好书,带您品味人生百态"
40,48000,2578,8960,2019-10-16 18:35:32,"《流全岁月》,不必试图让所有人都开心","你周围有这样的人吗,在你素颜的时候,她说你不修边幅,在你化妆的时候,她说你浓妆艳抹,当你被夸奖,她说你讨好上司,当你被批评,她又说你能力不行,即使你躺倒在地,让她踩在你身上,她还是会抱怨,踩看不够舒服,你永远都达不到,她心里的合格线,《流金岁月》里,有一句话说的特别好,无论做什么,记得为自己而做,我们没有必要介意,别人的评头论足,更没有必要,畏惧别人的嘲笑,因为评头论足,只是无聊人的消遣,取悦别人,也不是我们的“潜规则,乍见之欢,不如久处不厌,人生只有一次,所以一定要和让你开心的人,起度过,就算无人欣赏,我们默默绽放自已也好,很经朋反和信间我,很多朋及私信我,多朋友私信间杀,在哪里看带,在哪里昂书,给火家推落下拿阅@pp,给大家推荐下掌阅@pp,做近正好有,最近正有,你听书我买单的诺动,你听第我买的动,很多推荐过的书,都是兔费的,快去试动吧,快去认吧"
39,1134000,52000,171000,2020-01-01 12:00:00,"我爱你,但我已经不喜欢你了","和一个很爱的人分手,是什么威觉,可能就像,一个长发姑娘剪了短发,习惯性的摸发尾才意识到,原来一切都变了,走在有你的城市里,总觉得哪里都是你,就算离开,心里也无法忘记,喜欢你是真的,努力靠近你是真的,想要走到最后的心,也是真的,但一次比一次的寒心,更是真的,心有不甘却又无以为继,可能我们最好的结局,就是杳无音信吧,我们之间就像乘法一样,只要一方为零,即使另一方再努力,结果还是委,我爱你,从满心欢喜到心如死寂,你好像很爱我,但又好像没爱过,其实结束这段关糸,并不是没收你的幸福,而是老天都在心疼你,所以让你得以解脱,毕竟缘分的事,不负此生真的太难了,0K我是 Caroline,关注我,带您品味人生百态"
38,49000,1996,5860,2020-01-01 12:00:00,"真正的修养,是尊重每一个人","我有一个朋友她家境很好,但当她和收入不高的朋友,出来玩的时候,总是去一些,经济实惠的餐厅吃饭,她说,在不适当的场合,展现自己的优越威,会给别人带来压力,哪怕这并不是你的本意,这并不能,给别人带来什么帮助,只能让别人觉得你在炫耀,并产生一种距离感,我想,一个人的修养,往往不体现在,他如何对待,比自己身份高的人,而是体现在,比自己身份低的人,的确不同的家庭,经历和环境,会让很多人,有看无法避免的局限,当我们面对这些局限的时候,更应该保持一份同理心,尊重和体谅他人,毕竟,真正自信的人,并不需要,用这种在弱者面前的炫耀,依靠他人羡慕的方式,来增添自己的底气,0K,我是 Caroline,关注我,每天一本好书,带您品味人生百态"
37,72000,2700,10000,2020-01-01 12:00:00,"《撒哈拉的故事》,爱情就是最高的标准","三毛在《撒哈拉的故事》中,有一段这样的对话,荷西:你想嫁个什么样的人,三毛:看得顺眼,千万富翁也嫁,看不顺眼,亿万富翁也嫁,荷西:说来说去,你还是想嫁个有钱人,毛:也有例外的肘候啊,要是你的话,只要够吃饭的钱就够了,荷西:那你吃得多吗,毛:不多不多,以后还可以少吃一点,在坠入爱河之前,我们总是会给恋爱对象,设定很多的标准,他要有钱,要英俊、要温柔,然而爱情的微妙之处就在于,当我们遇到的那个人,明明所有的原则和条件,都和他相悖,我们依然被动陷入,无法自控的为他心动,不是你发现,对方符合你的要求,而是你愿意为了他,改自己的标准,0K,我是 Caroline,关注我,每天一本好书,带您品味人生百态"
36,112000,8834,16000,2020-01-01 12:00:00,"《与抑郁症相伴的日子》,你就是他们的星星","你可能不知道,全球罹患抑郁症的人,已经超过3个亿,也就是说,每25个人当中,就有1位抑郁症患者,前两天在WB上,看到这样一个故事,位患有抑郁症的姑娘,在家GW,清酲后打车去医院,在出租车上,她手上的弄脏了后座,本以为会被司机责怪,没想到司机送她,去医院处理完伤口后,还带她去吃了晚饭,饭桌上司机对她说,十来岁的小姑娘,人生的路还很长,千万别学我女儿,《与抑郁症相伴的日子》里,有这样一句,描写抑郁症患者的话,我也不想这么糟糕,但我知道我病了,我想要努力微笑,但对不起,我已经很久没有,感受到快乐是什么样子了,其实每个抑郁症患者,都不想放弃自己,他们为了爱他们的人,努力咬紧牙关,但只是有肘候,一个人真的,有些无能为力,他们走在悬崖边上,你的安慰可能就是,把他们拉回人间的希望,对于站在黑暗里的他们,每个人的爱,都是熠熠闪烁的星光,0K,我是 Caroline,关注我,每天一本好书,带您品味人生百味"
35,41000,2541,9698,2020-01-01 12:00:00,"《诗与少年》,芸芸众生都身在苦海","我们总会羡慕别人,怀疑为什么就自己这么惨,小城市的人觉得生活索然无味,羡慕大城市的人工作充满挑战,殊不知大城市的人,被996压得喘不上气,羡慕看小城市的自由惬意,写字楼里的白领,为裁员的消息心惊胆战,羡慕铁饭碗的稳定安心,而铁饭碗却看看自己的收入,愤愤不平,羡慕看白领的薪酬高昂,其实我们美慕看别人的同射,其实我们羡慕着别人的同时,自已也在被别人羡慕着,正如《诗与少年》中写道,仰望星空的人,恿以为星空就是宝石,只有飞上星变的人才知道,那儿有灰尘、石渣,和地球一样复杂,我们看到的总是,别人光r亮丽的一面,却看不到他们背后的狼狈不堪,每个人都觉得自已在苦海,别人在岸上,实际上,芸芸众生,都身在苦海,0K我是 Caroline"
34,76000,4846,15000,2020-01-01 12:00:00,"《我想和这个世界谈谈》,真正的孤独来自最亲近的人","我们总以为,孤独是没有朋友,没有恋人,但其实真正的孤独,往往来自于那些,最亲近的人,向恋人倾诉情绪时,他不耐烦的说,又怎么了,向朋友抱怨不满时,朋友心不在焉的回应着,在每个期望,落空的时刻,都让我们倍感孤独,越多期待换回的,越多的失望,我们彼此就像,生活在,同一个屋檐下的平行线,即使那么亲近,也没有半分,灵魂上的共呜,正如韩寒在,《我想和这个世界谈谈》中写道,你懂得越多,你就越像,这个世界的孤儿,走得越远越明白,这个世界本是孤儿院,可能我们每个人,都像一座孤马,谁也不能,完全的理解谁,虽然我们一起玩耍,一起工作,起生活,但最后的最后,人生终将是一场,单人的旅行,0K我是 Caroline,关注我,每天一本好书,带你品味人生百态"
33,130000,3000,6902,2020-01-01 12:00:00,"《暗恋・橘生淮南》,所爱隔山海,山海皆可平,s il","据说在距离我们,几十万公里的月球上,每年都会发生,1000余次的月震,但地球上的人却浑然不知,这感觉有点像暗恋一个人,你沾在他面前心跳如鼓,他却什么都不知道,你想要他知道,却又害怕他知道,《暗恋・橘生淮南》中说,两个陌生人坠入爱河,只有一个知道爱绝非巧合,能遇见就够了,喜欢就够了,知道你在这世界上就够了,虽然希望能修成正果,但只要结果不要太惨,都比你我之问,仅有一片空白要好,所爱隔山海,山海皆可平,既然心里偷偷对他许诺了,全世界的偏爱,不妨大胆一点,爱一个人攀一座山,追一个梦,不要让暗恋的他,成为心底的白月光,而是变为,陪伴你往后余生的另一半,0K我是 Caroline,关注我,每天一本好书,带您品味人生百态"
32,60000,2315,10000,2020-01-01 12:00:00,"《爱你就像爱生命》,爱情本该有的样子,王小波李银河――《爱你就像爱生命》,我把我整个灵魂都给你,连同它的怪癖,耍小脾气,忽明忽","我把我整个灵魂都给你,连同它的怪癖,耍小脾气,忽明忽暗,一千八百种坏毛病,它真讨厌,宅真讨厌,但只有一点好,那就是爱你,《爱你就像爱生命》中,描绘了爱情本该有的样子,但我们却总是,刻意的掩盖掉,那些我们无法轻易,改掉的缺点,在一段恋爱的起始阶段,只想看给对方,展示好的一面,然而t会逐渐发现,我们的小脾气,我们的坏毛病,我们的一切不足,然后说出那句,我们最不想听的话,你变了,你让我感觉好陌生,其实我们自始至终,都没有变过,只不过总想让他,看到最好的自己,也许,爱情本该有的样子,就是我忍不住,想把所拥有的一切都给你,即使是我自己,也很讨厌的坏毛病,因为好也罢,坏也罢,那都是我,0K我是 Caroline,关注我,每天一本好书,带你品味人生百态"
31,78000,648,2160,2020-01-01 12:00:00,祝祖因母亲70周年快乐,"提起爱国,很多人想到的是教育,但对我而言,爱国是一种民族归属感的体现,是一种当你在海外看到,五星红旗升起的时候,热血沸腾,热泪盈眶的情愫,我少小离家在海外求学,为了很好的融入当地社会,无法避免的,尽量的少用中文,后来慢慢明白,无论我走到哪里,我的根,永远在中国,我永远流淌看,老祖宗的血脉,2011年,因为工作出国采访,等采访结束的时候,当地已经战乱,遍地死伤,炮火纷飞,而就在这时,祖国母亲相继派出了军队,帮助我们华侨,中资机构,撤离了危险之地,当我踏上回国的土地,听到工作人员对我说,欢迎回家,我激动的无以言表,我只觉得只要五星红旗,升起的地方,那都是家,无论你正面临看什么样的危险,无论你在世界的哪个角落,阻国母亲,都永远保护看我们,此生无悔入华夏,来世还做中华人,我是挛阅赵涵,祝我们祖国母亲,生日快乐"
30,41000,531,3350,2020-01-01 12:00:00,"《攀登者》,高矮险峻,各不相同","我想每个人,都想过追求梦想吧,在你追求梦想的路上,有人会说,没有梦想,你和咸鱼有什么区别,也有人说,自求梦想,不如先把饭吃饱,梦想就像一座山,而我们总在攀登的路上,《攀登者》里有这样一句话,我们自己的山,自己要登上去,只不过对于每个人,要攀登的山不尽相同,就像每个人的梦想,也都不太一样,有的人雄心壮志,想要凭自己改变世界,但有的人知足常乐,只想平淡的过好一生,雄心壮志的人固然值得敬佩,但是过好普通人的一生,也不是一种平凡,毕竞在我们的心里,都有自己的一座山,只是高矮险峻,各不相同,0K我是 Caroline,关注我,每天一本好书,带您品味人生百态"
29,145000,4767,17000,2020-01-01 12:00:00,"《倾城之恋》,担当不起就不要枉费","我有个朋友跟我抱怨,他的另一半,以前交往过很多人,我和他说,如果你介意,就直接开口告诉人家,别耽误了人家,可他却告诉我说,另一半对他很好,怕分手了找不到更好的,我很想和他说,如果不能接受,这个女生的曾经,又何必要枉费她的将来呢,让一个,心对你好的女孩,直生活在谎言和芥蒂中,这是多么的不公平,你可曾想过,她其实也想早点遇见你,甚至还会嫌弃自己的过去,没能把最好的自已留给你,《倾城之恋》这本书中说,如果你认识以前的我,你就会原谅现在的我,但比起原谅,更希望你能遇见那个,闭口不谈你的过去的那个人,因为他只想,参与到你的未来,0K我是 Caroline,关注我,每天一本好书,带你品味人生百态"
28,36000,1669,5669,2020-01-01 12:00:00,"远离性格极端的爱人,s il","经常看到女孩,和周围的人秀恩爱,展示男朋友多爱自己,不许她穿吊带和短裤,出去一会儿就打十几个电话,每天都要黏在一起,就算是吵架,男生也会主动认错甚至下跪,但我每次都特别,为这些女生威到心惊肉跳,因为占有欲和控制欲啊,它不是爱,这种极端的情绪,可能在你们分手的时候,就转化为危险,我朋友贝贝分手的时候,就遇见过这种危险,因为极端的占有欲,她前男友无法接受分手,带看刀冒充成快递员,到楼下堵她,还好贝贝及射报警,最终没有发生不可挽回的惨剧,所以我想特别想提酲,广大女生们,远离性格极端的男生,别被所谓的,都是因为我太爱你了,蒙上双眼,毕竟爱你的肘候,可以为你挡刀的人,也可能在分手之后,插你两刀,0K我是 Caroline,关注我,带您品味人生百态"
27,54000,2116,4645,2020-01-01 12:00:00,"《解忧杂货店》,未知让我害怕前进","你有想过要换一份新的工作,或者一种新的生活方式吗,你是因为什么放弃了,有人在工作中毫无理由的,被上司骂了个狗血淋头,直到晚上回家还愤愤不平,想着一定要辞职,结果第二天,又准时准点的迈入公司,理由是如果辞了职,不知道还能不能找到,这么高薪的工作,算了吧,还是忍忍吧,我们总是在,给自己的怯懦找借口,但其实一切全在于你自己,就像《解忧杂货店》中说的那样,对你来说,一切都是自由的,在你面前是无限的可能,我衷心祈祷你可以相信自己,无悔的燃烧自已的人生,的确在你准备迈出门槛,却被现实砸坐回地板的时候,会有一些委屈和无奈,但生活不止眼前的苟且,还有看诗和远方,0K我是 Caroline,关注我,每天一本好书,带你品味人生百态"
26,63000,3010,9187,2020-01-01 12:00:00,"《无声告白》,终其一生要找到真正的自己,L","我是为你好,这句话你听过吗,当你想去大城市打拼,会有人说,你又买不起房,就别耽误时间了,当你去选择自已喜欢的工作,会有人说这个不稳定,不如去考个事业单位吧,当你想要追逐诗和远方,会有人说现实点吧,最有说服力的借口,步一步把我们拖进平庸,《无声告白》中,有这样一句话,我们终其一生,就是要摆脱别人的期待,找到真正的自己,可能真实的旬己赚不到什么钱,也很难获得成功,但这就是我想要的人生,我和你走在不同的路上,我们之间没有,谁比谁走的更好,就像悉尼的时间,是比东京早1个小时,但东京的时间,也同样没有变慢,因为在命运的安排下,切都很准时,0K我是 Caroline,关注我,每天一本好书,带您品味人生百态"
25,51000,2834,8059,2020-01-01 12:00:00,"《少有人走的路》,做个“舔狗”又如何","我特别讨厌“舔狗”这个词,就好像对一个人痂情,是一件错事一样,总有人说,在爱情里不要做个输家,所以把痴情,称为卑微的一厢情愿,把忘我的爱意称为舔狗,但爱情,不就是我心甘情愿被你浪费吗,所以我不明白为什么,总是有人在爱里,要求对方给予回报,《少有人走的路》里,有一句话我特别喜欢,他说,我们真心去爱别人,是因为我们需要爱他,爱的存在本身就是回报,它是我们疲惫生活中的英雄梦想,是让世界熠熠生辉的威大烙火,是让我们觉得这个世界,还不错的全部理由,所以做个舔狗又怎样,能遇到一场心甘情愿的沉沦,多么地珍贵,0K我是 Caroline,关注我,每天一本好书,带您品味人生百态"
24,149000,4289,16000,2020-01-01 12:00:00,无,无
23,74000,3500,7850,2020-01-01 12:00:00,"《孤独六讲》,孤独,是另一种自由","您可能不太相信,我国的单身人口,已达到了2.4个亿,我身边也有不少单身的朋友,有的呢是一直不想找,有的是没射间找,有的,则是找了也找不到,相较而言,单身的人看起来有些孤独,身边的人都是出双入对,一到情人节,朋友圈里全是狗粮,就连吃个火锅,都不敢去厕所,怕回来餐具就被收走了,但就像《孤独六讲》中说的一样,孤独和寂寞不一样,狼独是饱满的,所以与其为了不孤独,而选择陪伴,不如在一个人的独处中,收获惊喜,正如谢耳朵说的那样,或许我旬已太有意思,无需他人陪伴,而所谓的“孤独”,本就是一种自由,0K我是 Caroline,关注我,每天一本好书,带您品味人生百态"
22,665000,34000,90000,2020-01-01 12:00:00,"《而已集》,世界上没有真正的威同身受","有人说,难过的时候,千万不要找别人聊天,的确,越长大越觉得,比起诉说自己的委屈和不甘,还是沉默最好,因为绝大多数的人会漠不关心,还有一部分人,会把你的伤痛,当做说笑的谈资,而真正在乎你的人,却心有余而力不足,无法懂你的痛苦,鲁迅先生在《而已集》中,说过这样一句话,人的悲欢并不相通,我只觉得他们吵闹,人总是这样,事不关已高高挂起,劝你大度劝你勇敢,等真到了自已身上,才知道很多事情,远不是勇敢大度就能解决的,生活哪里有什么感同身受,不过是如鱼饮水,冷暖自知罢了,所以我们最应该争取的理解,应该来自于自己,毕竟,万般痛苦,唯有自渡,0K我是 Caroline,关注我,每天一本好书,带您品味人生百态"
21,63000,2309,2757,2020-01-01 12:00:00,被“伪独立”У舻牡贝女性,"我一直觉得我的朋友安琪,是个标准的独立女性,她从一个小职员,路奋斗成了企业的高管,年入百方,也有自己的社交圈,一个人过的自得其乐,直到今年,她嫁给了一个上市公司的CEO,放弃了自己的事业和生活,选择做了一名全职太太,我问她为什么,她说我之前那么努力,就是为了嫁得更好啊,现在很多女生的潜意识里,还是觉得,女人最好的归宿是嫁人,并不相信能靠旬己,就能获得想要的一切,她们把独立女性的标签,当做帮助旬己实现,阶级跃迁的敲门砖,一切的努力只是为了,帮助自己遇到,白马王子,说白了,这可能只是一种“伪独立”,而真正的独立,是不依附于他人的存在,经济独立的同时,也保持思想上的独立,希望每个女孩都能明白,你不属于任何人,你只属于你自己,0K我是 Caroline,关注我,带您品味人生百态"
20,88000,3126,6208,2020-01-01 12:00:00,"《王尔德诗选》,爱旬己,是终身浪漫的开始","大概每个女生,都被挑剔过外貌吧,如果你身材不够苗条,买衣服的时候会被导购提醒,没有加大的尺码,如果你的皮肤不够白皙,穿粉色的衣服,会被身边的人吐槽,这么穿更黑了,如黑你身高不够高挑,谈恋爱的射候,会被对方的父母嫌弃,影响了下一代的基因,这种身体上的羞辱让我们自卑,为了迎合大众的审美,我们会尽可能的,掩藏自己的不足,但我想告诉每个女孩,我们的身体是自已的领地,谁都没有资格评头论足,服粗的女孩也可以穿短裤,皮肤黑的女孩,也可以穿r艳的衣服,就算矮小的女孩,你也可以只穿平底鞋,在《王尔德诗选》中写道,爱自己是终身浪漫的开始,如果这个世界,非要对“美”有什么标准的话,那我希望,是由我们自己来定义,因为你自信的样子,就很美,0K我是 Caroline,关注我,每天一本好书,带您品味人生百态"
19,38000,1991,2630,2020-01-01 12:00:00,最怕工作群突然的@,"下班后最怕的就是,在工作群里被@,无论你是在逛街吃火锅,还是在电影院里看电影,甚至你刚洗漱完毕,躺在床上准备入睡,只要一听到“叮”的一声响起,立刻就能弹起来,看看是不是工作哪里出了问题,现代社会我们总是处于一种,随时可以被联糸的状态,无论何时无论何地,只要别人加了我们的微信,就仿佛拥有了打新我们的权利,所以我们肘常会冒出这样的想法,好想把社交软件都卸载,让所有的人都联糸不上我啊,我们总是在,无止境的社交中难以解脱,但其实每个人都需要一个空间,仅仅和自己交流,我们想要的不过是,能够暂肘逃离当下的压力和困境,能够拥有一份自已独处的空间,0K我是 Caroline,关注我,带您品味人生百态"
18,115000,4875,11000,2020-01-01 12:00:00,"《从你的全世界路过》,长大不过是一瞬间的事","小时候我们恿想快点长大,后来才发现长大,不过是一瞬间的事,成长可能是谈恋爱后,想告诉父亲,人生中出现了,另一个我很爱的男人,可能是某个亲人的骤然离世,难过的整晚都哭的喘不上气,生活推看我们成长,教会了我们坚强,但就像,《从你的全世界路过》里说的一样,所有人的坚强,都是柔软生的茧,我们开始接受生活的变迁,不再像小时候一样,哭的歇斯底里,而成长的路上,我们可以承受最好的褒奖,也能接受最坏的安排,曾经一度以为,对世界的冷漠就是成长,后来发现,真正的成长,是世界以痛吻我,我报之以歌,所以试看把你的心打开,让阳光住进你的心房,0K,我是 Caroline,关注我,每天一本好书,带你品味人生百态"
17,37000,2123,4386,2020-01-01 12:00:00,"《晓松奇谈》,和你的过去握手言和","我想每个人都有,三两件遗憾的事吧,上学时没有好好学习,入学后想要转的专业,恨不得没有认识过的前任,吵架时伤害到家人的口无遮拦,每当这时候我们都会想,要是有后悔药就好了,但时光并不会倒流,每个人总是难免走些弯路,经历些遗憾,《晓松奇谈》里有这样一句话,人类是怎样发现新世界的,是因为走错了路,所以你以为的弯路,可能也有不一样的风景,你经历的缺憾,可能是上帝打开的另一扇窗,再富有的人也无法赎回过去,所以面对人生的遗憾,我们能做的,只有和过去握手言和,自求完美的人生本是人间至苦,生活最奇妙的地方可能就在于,你永远不知道上一秒的决定,你下一秒会不会后悔,而下一秒的路,又将通向何方吧,0K我是 Caroline,关注我,每天一本好书,带您品味人生百态"
16,31000,1321,1565,2020-01-01 12:00:00,"《持剑者心伤》,教师节快乐","又到教师节了,提起老师你会想到什么,是语文老师嘴里说着,“再讲两分钟”,却一直讲到了上课铃响,是数学老师强调的,“奇变偶不变,符号看象限,还是英语老师拿看卷子问,这道题这么简单,还用讲吗,现在想想,还是校囡里的青葱岁月,最值得留恋,但生活总是枉顾我们的意愿,刻不停的前行,《持剑者心伤》说,我心中曾经执剑的少年,此刻也混迹在市井之间,经历了社会上的,摸爬滚打之后才发现,不是什么问题,都能像上学一样有标准答案,生活也不是非黑即白,再不会有以前那样纯粹的关怀,有的只是赤裸裸的利益交换,的确,童话里的公主是不见了,但别忘记,罱龙的少年还在燃烧啊,OK我是 Caroline,祝老师们教师节快乐"
15,112000,4378,12000,2020-01-01 12:00:00,"《人性的弱点》,让你的善良带点锋芒","最近开学了,邻居家的小姑娘刚上大,小姑娘人特勤快,每次宿舍有什么活都抢先干,还帮舍友占座带饭倒圾,这两天军训却累病了,就想让舍友帮忙打扫一下卫生,结果她舍友却说,宿舍不一直都是你收拾吗,干嘛要我做啊,我军训也挺累的,等你病好了再打扫,《人性的弱点》里说,假如你把太多的钱给一个人,你会令此人变成坏人,所以当你不求回报对一个人好,让他享受了本来不属于他的待遇,他就会逐渐从感激你,到把你的好当做理所当然,甚至当你不再付出的射候,他会埋怨你为什么不帮我了,所以不要一味地不求回报的付出,让你的善良带点铎芒,毕竞不是每个人都值得拥有它,OK我是 Caroline,关注我,每天一本好书,带您品味人生百态"
14,72000,3163,4405,2020-01-01 12:00:00,无,无
13,487000,26000,80000,2020-01-01 12:00:00,"《面纱》,爱情就是我知道你所有的不好,但我仍然爱你","我知道你所有的不好,但我仍然爱你,我知道你愚蠢轻佻头脑空虚,然而我爱你,我知道你的企图,你的理想,你的势利和庸俗,我知道你是个二流货色,《面纱》中的这句话,道出了爰情的真谛,总有人告诉我们,你要努力变得更优秀,这样才会有人来爱你,但实际上,优秀和被爱并没有什么关糸,优秀只是为了,获得更多物质基础,为了适应社会的规则,而爱情中,我们需要的不过是那个,能把我们打回原形的人,我们确认自己被爱着的时刻,往往并不是我们,最体面最风光的肘候,而是我们那些最脆弱不安,狼狈不堪的肘候,爱情的迷人之处或许就在于,但我对你无法抗拒,所以不要认为自己不够优秀,就不配被爱,因为你的存在,本身就已经值得被爱,OK我是 Caroline,关注我,每天一本好书,带您品味人生百态"
12,38000,1197,2171,2020-01-01 12:00:00,比无知更可怕的是偏见,"我们总是觉得吃沙拉会变瘦,但其实一勺沙拉酱的热量,比巧克力还要高,我们总是觉得广东人什么都能吃,但其实他们只是,在吃上很讲究而已,我们总是觉得一个女生30岁了,还没有结婚生孩子,她就是没人要的剩女,但也许她是不婚主义呢,在《事实》这本书中,提到了一个概念,叫做“宿命论本能”,就是说,我们总是会根据以往的经验,对事物进行归类和判新,最后往往会导致,对事物的认知出现偏差,在生活中,这种本能所带来的刻板印象,有肘比无知更加可怕,比如网终暴力,很多都是因为这种偏见作祟,世界上最大的恶意,大概就是用我们看到的,肤浅的一面给事物下定义,当我们不再将自己的世界,局限在方寸天地中时,我们便能感受到生活的全部美好,OK我是 Caroline,关注我,带您品味人生百态"
11,405000,17000,39000,2020-01-01 12:00:00,无,无
10,407000,16000,54000,2020-01-01 12:00:00,婚姻就是一场风险投资,"我有个朋友,快结婚的肘候呢,他女朋友要求,房产证上加上自己的名字,我朋友觉得呢,这是自己爸爸妈妈买的房子,凭什么要分一半给她呢,我和他说呢,其实小姑娘要求也没什么错,著名的经济学家,薛兆丰是这样定义婚姻的,结婚就等于办企业,双方都要拿出各自的资源,女方通常要比男方先付出,生孩子,抚养孩子照顾家庭,甚至因此放齐了自己的事业,所以就需要男方给女方,预先支付一些抵押,为未来可能出现的婚姻问题,做个垫底,利益是我们将要,和伴侣约定终身肘,必须要直视的问题,比起虚无缥缈的风花雪月,我们能抓住的,也只有眼前的这一城一池的得失,作为女生为自己留条后路,其实也是无可厚非的,OK我是 Caroline,关注我,带您品味人生百态"
9,506000,25000,44000,2020-01-01 12:00:00,没有上进心有错吗,"总有鸡汤告诉我们,呆在舒适区里会У裟愕娜松,所以很多人都往大城市跑,还嘲笑那些,留在家乡的人不求上进,都说不想当将军的兵不是好兵,但是当一个小兵发现,我当不了将军的时候,却没有人跟他说,没有关糸,你可以只当个小兵,很多人以为,在一线城市,花费三小时往返于拥挤地铁,每天回到10平的出租屋里,累得想倒头就睡,就是上进,但却忽略了小城市里,下了班和朋友聚个餐,去健身房健个身,陪父母聊聊天,同样也是一种上进,上进从来都不是,跟别人比有多累多苦,而是认真工作并热爱生活,呆在舒适区里,并不是芍且,而只是找到属于自己的方式,过好这一生"
8,241000,10000,16000,2020-01-01 12:00:00,无,无
7,1285000,49000,111000,2020-01-01 12:00:00,"《小欢喜》,为什么我们活成了自己最讨厌的样子","不知何射,我们活成了曾经自,最讨厌的样子,前两天看了《小欢喜》,黄磊在剧里哭着说,我觉得我长大得当个令狐冲,可现在,怎么就成了个岳不群了呢,肘间把我们变成了,自己曾经最看不起的那种大人,买东西第一眼看标价,时刻在意周围人的眼光,或许不是我们变成了,自己最讨厌的样子,而是我们讨厌的那些,本就是生活的一部分,游戏规则,生存逻辑,世俗秩序,让我们明台了,梦想不能赚钱,鸡汤更不能下饭,我们学会跟生活和解,恰到好处地低头,虽然心里还怀揣看诗和远方,但也明白了生活,离不开柴未油盐,或许我们不是活成了,而是学会了如何,把梦想照进现实,OK我是 Caroline,关注我,每天一本好书,带您品味人生百态"
6,73000,2325,8058,2020-01-01 12:00:00,"《少有人走的路》,爱一个人终归是因为爱自己","我们总以为爱情是独一无二的,自己的爱人无法代替,但有一个研究表明啊,你未来的配偶,会在你周围的三条街道以内,你以为的爱人,只是因为他在恰好的肘间地点,出现在了你的生活里,然后你赋予了他爱人的意义,《少有人走的路》里面说,我们真心去爱一个人,是因为我们需要去爱别人,但很多人记得在爱情里付出,却忘记了真正的爱情是自我拓展,而非自我粞牲,爱的基础是爱别人之前,要先学会爱自己,辶就像一个水槽,你爱自己的程度就等于里边的水,当爱的洪流把水槽填满,你会觉得好幸福,如果足够爱自己,即使洪流褪去,你可以正常生活,但如果你的水槽本身就没有水,当爱意褪去,就只剩一地干涸,好的爱情应该是,丰盈灵魂的自我扩展,而非一颗缺爱的心,想拼命抓住的救命稻草,OK我是 Caroline,关注我,每天一本好书,带您品味人生百态"
5,72000,3441,11000,2020-01-01 12:00:00,"《百年孤独》,人生终将是一场单人的旅行","现在我们好像都陷入了,一种孤独的怪图,朋友圈很多朋友却很少,可以分享快乐的人很多,但能分享的故事的人却很少,向你借钱的人很多,能借你钱的人却很少,怕被嘲笑所以不敢脆弱,怕被伤害,所以不敢袒露心事,怕被拒绝,所以不去麻烦别人,《百年孤独》里有这样一句话,生命中曾经有过的所有灿烂,终将都需要用寂寞来⒒,人生终将是一场单人的旅行,孤独前是迷茫,孤独后是成长,有肘候别人对你的不理解,是因为他们看不到,我们能看到的东西,自然就否定了存在的可能,无法感同身受,正如村上春树所说,人的本质就是孤独的,但这不是什么坏事,使孤独变得不好的,是因为你害怕孤独,只有当一个人能够学会与其并肩,才能够学会坚强,OK我是 Caroline,关注我,每天一本好书,带您品味人生百态"
4,30000,1318,2598,2020-01-01 12:00:00,"别和你的父母,成为精神上的陌生人","工作以后,你多久给父母打一次电话,是不是报喜不报忧,问完他们的身体状况,和生活以后,就不知道说什么了,或许电话那头,父母眼中的你和真正的你,恐怕完全是不一样的两个人吧,随着年龄的增长我们才明白,我们能做的,只不过是不新地,目送父母的背影渐行渐远,看着他们逐渐消失在,小路转弯的地方,用背影默默地告诉你,不用追,我们目送父母变老乃至逝去,目送着儿女长大然后远离,当我们的世界随着其他人的进入,变得越来越精彩的时候,父母的世界,随着我们的离去,在变得越来越单一,所以记得给爸妈订一张,来你城市的机票,牵看他们的手走在你的城市,让他们看看你世界的精彩,OK我是 Caroline,关注我,每天一本好书,带你品味人生百态"
3,163000,5490,17000,2020-01-01 12:00:00,"《围城》,活在当下, Live in the present","我们好像永远不会安于现状,当身处大城市的时候,追求着家乡的安逸祥和,等回到了家乡,又怀念着大城市的繁华便捷,读书的肘候想快点工作经济独立,等工作了又觉得,还是读书的肘候轻松惬意,我们都想要挣更多的钱,过更好的生活,但内心却又忍不住,想要追求诗和远方,生话不易,就像钱锺书先生,在《围城》里写的一样,城外的人想进去,城里的人想出来,声望阻止了我们,看到事物的本来面目,让我们的判断力彻底麻木,但等真正设身处地的,走到那个位置的肘候,才明白现实,远没有看起来这么光鲜,可您是否想过,您不满足的当下,可能就是他人最羡慕的将来,抑或是有人无限缅怀的过去呢,此刻的当下,并不是通向未来的途径,而是生命的全部,您想要的的未来,在把握了每个现在之后,自然会来"
2,40000,1415,2600,2020-01-01 12:00:00,"《白夜行》,不要从受害者变成施害者","今天给您推荐一本,只要打开就一定会熬夜看完的书,《白夜行》,这是东野圭吾的代表作,书中的男女主角,在黑暗中共生了19年,由于悲惨的童年遭遇,长大后他们报复社会,行凶作恶,酿成诸多的悲剧,现实中其实这种人也特别地常见,只要是受了一点的苦,就感觉被全世界给亏待了,就好像别人都特别对不起他,看什么都不顺眼,一心想着要报复别人,报复世界,也得让你们受一下我受过的苦,但您想想,要是在别人伤害了我们之后,我们又为了弥补这个伤痛,去伤害别人,那我们不就成了自己曾经,最厌恶的那种人了吗,在我看来,哪怕身处泥潭,也不要放弃良心和希望,世界上只有一种英雄主义,那就是在认清生活的真相后,仍然热爱生活"
1,438000,15000,59000,2020-01-01 12:00:00,"《人性的枷锁》,30岁之前,一定要存点钱","看过一个有趣的统计啊,00后的干均存款,竞然是90后的两倍,为什么已经工作的90后,反而存不下钱呢,身边一些刚毕业的上班族,别人买名牌他也跟着买,别人换手机他也跟着换,可是别人家里有矿啊,他却只有花呗和借呗,对于现在经济能力,不太强的90后甚至80后来说,买车买房的压力的确很大,有肘甚至连房租都需要父母的资助,存钱更是成了天方夜谭,但我特别想奉劝您几句,无论您是几零后,十岁之前一定要存点钱,《人性的枷锁》中有一个观点,人不一定要积累多少财富,但至少这些财富可以让你,对很多自己不喜欢的事情说不,你会发现存钱,会让你拥有了更多的选择,也会慢慢拥有着向世界说不的权力,所以别让未来的你,讨厌现在的自己"
